{
	"info": {
		"_postman_id": "18a6e343-5e63-4c90-933d-2903025e06a7",
		"name": "chess",
		"schema": "https://schema.getpostman.com/json/collection/v2.1.0/collection.json"
	},
	"item": [
		{
			"name": "Create a game",
			"request": {
				"method": "POST",
				"header": [],
				"body": {
					"mode": "raw",
					"raw": "",
					"options": {
						"raw": {
							"language": "json"
						}
					}
				},
				"url": {
					"raw": "{{host}}/games",
					"host": [
						"{{host}}"
					],
					"path": [
						"games"
					]
				}
			},
			"response": []
		},
		{
			"name": "Get game",
			"request": {
				"method": "GET",
				"header": [],
				"url": {
					"raw": "{{host}}/games/{{gameId}}",
					"host": [
						"{{host}}"
					],
					"path": [
						"games",
						"{{gameId}}"
					]
				}
			},
			"response": []
		},
		{
			"name": "Move a piece",
			"request": {
				"method": "POST",
				"header": [],
				"body": {
					"mode": "raw",
					"raw": "{\n    \"sourcePos\": \"f2\",\n    \"destinationPos\": \"f4\"\n}",
					"options": {
						"raw": {
							"language": "json"
						}
					}
				},
				"url": {
					"raw": "{{host}}/games/{{gameId}}/move",
					"host": [
						"{{host}}"
					],
					"path": [
						"games",
						"{{gameId}}",
						"move"
					]
				}
			},
			"response": []
		},
		{
			"name": "potential moves",
			"request": {
				"method": "GET",
				"header": [],
				"url": {
					"raw": "{{host}}/games/{{gameId}}/potential-moves/c7",
					"host": [
						"{{host}}"
					],
					"path": [
						"games",
						"{{gameId}}",
						"potential-moves",
						"c7"
					]
				}
			},
			"response": []
		},
		{
			"name": "Fetch moves history",
			"request": {
				"method": "GET",
				"header": [],
				"url": {
					"raw": "{{host}}/games/61e038ce4e8f076b202ab0a5/moves-history",
					"host": [
						"{{host}}"
					],
					"path": [
						"games",
						"61e038ce4e8f076b202ab0a5",
						"moves-history"
					]
				}
			},
			"response": []
		}
	]
}